,start_station_name,end_station_name,start_lat,start_lng,end_lat,end_lng,trips
4625,Central Park S & 6 Ave,Central Park S & 6 Ave,40.76590936,-73.97634151,40.76590936,-73.97634151,1001
3590,7 Ave & Central Park South,7 Ave & Central Park South,40.7667405590595,-73.9790689945221,40.7667405590595,-73.9790689945221,673
4289,Roosevelt Island Tramway,Roosevelt Island Tramway,40.757284,-73.9536,40.757284,-73.9536,654
7081,Grand Army Plaza & Central Park S,Grand Army Plaza & Central Park S,40.7643971,-73.97371465,40.7643971,-73.97371465,614
19310,Soissons Landing,Soissons Landing,40.69231660719192,-74.01486575603485,40.69231660719192,-74.01486575603485,577
1431,W 21 St & 6 Ave,9 Ave & W 22 St,40.74173969,-73.99415556,40.7454973,-74.00197139,539
703,5 Ave & E 72 St,5 Ave & E 72 St,40.772828,-73.966853,40.772828,-73.966853,502
912,1 Ave & E 62 St,1 Ave & E 68 St,40.7612274,-73.96094022,40.76500525,-73.95818491,491
420,Yankee Ferry Terminal,Yankee Ferry Terminal,40.68706579875912,-74.01675585121666,40.68706579875912,-74.01675585121666,486
4240,Broadway & W 58 St,Broadway & W 58 St,40.76695317,-73.98169333,40.76695317,-73.98169333,463
2288,Central Park West & W 72 St,Central Park West & W 72 St,40.77579376683666,-73.9762057363987,40.77579376683666,-73.9762057363987,423
336,12 Ave & W 40 St,12 Ave & W 40 St,40.76087502,-74.00277668,40.76087502,-74.00277668,422
3820,Broadway & W 41 St,Broadway & W 41 St,40.75513557,-73.98658032,40.75513557,-73.98658032,412
9119,West St & Chambers St,Pier 40 - Hudson River Park,40.71754834,-74.01322069,40.7277140777778,-74.01129573583603,397
60443,Yankee Ferry Terminal,Soissons Landing,40.68706579875912,-74.01675585121666,40.69231660719192,-74.01486575603485,388
774,West Drive & Prospect Park West,West Drive & Prospect Park West,40.6610633719006,-73.97945255041122,40.6610633719006,-73.97945255041122,379
378,5 Ave & E 87 St,5 Ave & E 87 St,40.782323,-73.959875,40.782323,-73.959875,371
62019,Soissons Landing,Yankee Ferry Terminal,40.69231660719192,-74.01486575603485,40.68706579875912,-74.01675585121666,370
821,Roosevelt Island Tramway,Motorgate,40.757284,-73.9536,40.7639089,-73.9477213,361
23073,N 6 St & Bedford Ave,S 4 St & Wythe Ave,40.71745169,-73.95850939,40.71285887,-73.96590294,358
12915,West St & Chambers St,West St & Chambers St,40.71754834,-74.01322069,40.71754834,-74.01322069,357
15140,North Moore St & Greenwich St,Vesey St & Church St,40.72019521437465,-74.0103006362915,40.71221958009051,-74.01047229766846,357
2225,Norfolk St & Broome St,Henry St & Grand St,40.7172274,-73.98802084,40.714211,-73.981095,356
7214,Central Park West & W 68 St,Central Park West & W 68 St,40.7734066,-73.97782542,40.7734066,-73.97782542,352
2777,Henry St & Grand St,Norfolk St & Broome St,40.714211,-73.981095,40.7172274,-73.98802084,348
4298,Motorgate,Roosevelt Island Tramway,40.7639089,-73.9477213,40.757284,-73.9536,341
6873,W 21 St & 6 Ave,W 22 St & 10 Ave,40.74173969,-73.99415556,40.74691959,-74.00451887,334
20158,McGuinness Blvd & Eagle St,Vernon Blvd & 50 Ave,40.73555,-73.95284,40.74232744,-73.95411749,332
4768,Pier 40 - Hudson River Park,West St & Chambers St,40.7277140777778,-74.01129573583603,40.71754834,-74.01322069,329
5690,Central Park North & Adam Clayton Powell Blvd,Central Park North & Adam Clayton Powell Blvd,40.799484,-73.955613,40.799484,-73.955613,327
1837,Centre St & Chambers St,Centre St & Chambers St,40.71273266,-74.0046073,40.71273266,-74.0046073,326
5537,1 Ave & E 68 St,1 Ave & E 78 St,40.76500525,-73.95818491,40.77140426,-73.9535166,315
855,W 22 St & 10 Ave,W 22 St & 8 Ave,40.74691959,-74.00451887,40.74475148,-73.99915362,313
21613,Amsterdam Ave & W 73 St,Amsterdam Ave & W 79 St,40.77966809007312,-73.98093044757842,40.7829391,-73.9786517,309
12681,Little West St & 1 Pl,West St & Liberty St,40.70569254,-74.01677685,40.711444,-74.014847,305
6917,1 Ave & E 78 St,2 Ave & E 72 St,40.77140426,-73.9535166,40.7687620293096,-73.95840793848038,302
5379,Clinton St & Grand St,Henry St & Grand St,40.71559509,-73.9870295,40.714211,-73.981095,299
27130,Central Park S & 6 Ave,5 Ave & E 87 St,40.76590936,-73.97634151,40.78232260730881,-73.95987510681152,295
4772,12 Ave & W 40 St,West St & Chambers St,40.76087502,-74.00277668,40.71754834,-74.01322069,295
4225,1 Ave & E 78 St,E 77 St & 3 Ave,40.77140426,-73.9535166,40.77314236,-73.95856158,294
2308,West St & Chambers St,12 Ave & W 40 St,40.717548,-74.013221,40.760875,-74.002777,290
52877,Southpoint Park,Roosevelt Island Tramway,40.75370225419114,-73.95865201950072,40.757284,-73.9536,289
6056,Vesey St & Church St,North Moore St & Greenwich St,40.71221958009051,-74.01047229766846,40.72019521437465,-74.0103006362915,288
145911,Roosevelt Island Tramway,Southpoint Park,40.757284,-73.9536,40.75370225419114,-73.95865201950072,288
7774,Vernon Blvd & 50 Ave,McGuinness Blvd & Eagle St,40.74232744,-73.95411749,40.73555,-73.95284,285
8138,1 Ave & E 62 St,1 Ave & E 78 St,40.7612274,-73.96094022,40.77140426,-73.9535166,283
10175,10 Ave & W 14 St,West St & Chambers St,40.74198159994023,-74.00831580162048,40.71754834,-74.01322069,282
29066,E 72 St & York Ave,2 Ave & E 72 St,40.76663814,-73.95348296,40.7687620293096,-73.95840793848038,281
296991,Grant Ave & E 169 St,Grant Ave & E 169 St,40.83579,-73.913741,40.83579,-73.913741,281
16561,S 4 St & Wythe Ave,N 6 St & Bedford Ave,40.71285887,-73.96590294,40.71745169,-73.95850939,280
2110,Franklin St & Dupont St,Vernon Blvd & 50 Ave,40.73564,-73.95866,40.74232744,-73.95411749,280
4817,West St & Liberty St,West St & Chambers St,40.711444,-74.014847,40.71754834,-74.01322069,279
330,11 Ave & W 41 St,W 34 St & 11 Ave,40.76030096,-73.99884222,40.75594159,-74.0021163,277
3479,E 2 St & Avenue C,E 1 St & 1 Ave,40.7208736,-73.98085795,40.72335597960796,-73.98864984512329,274
32597,Flatbush Ave & Ocean Ave,Flatbush Ave & Ocean Ave,40.663657,-73.963014,40.663657,-73.963014,274
2175,W 42 St & 8 Ave,11 Ave & W 41 St,40.7575699,-73.99098507,40.76030096,-73.99884222,274
21197,West St & Chambers St,10 Ave & W 14 St,40.71754834,-74.01322069,40.74198159994023,-74.00831580162048,268
5583,46 Ave & 5 St,Vernon Blvd & 50 Ave,40.74731,-73.95451,40.74232744,-73.95411749,267
3594,Central Park S & 6 Ave,7 Ave & Central Park South,40.76590936,-73.97634151,40.7667405590595,-73.9790689945221,264
4852,Milton St & Franklin St,Kent Ave & N 7 St,40.72906,-73.95779,40.72036775298455,-73.96165072917938,259
4144,12 Ave & W 40 St,10 Ave & W 14 St,40.760875,-74.002777,40.741982,-74.008316,258
34239,Central Park S & 6 Ave,Central Park North & Adam Clayton Powell Blvd,40.76590936,-73.97634151,40.799484,-73.955613,258
24803,5 Ave & E 93 St,5 Ave & E 93 St,40.7857851,-73.957481,40.7857851,-73.957481,257
4414,5 Ave & E 78 St,5 Ave & E 78 St,40.77632142182271,-73.96427392959595,40.77632142182271,-73.96427392959595,255
3053,Henry St & Grand St,Canal St & Rutgers St,40.714211,-73.981095,40.71427487,-73.98990025,255
6244,W 22 St & 10 Ave,W 21 St & 6 Ave,40.74691959,-74.00451887,40.74173969,-73.99415556,253
8507,10 Ave & W 28 St,W 26 St & 8 Ave,40.75066386,-74.00176802,40.74734825,-73.99723551,251
6902,11 Ave & W 41 St,W 42 St & 8 Ave,40.76030096,-73.99884222,40.7575699,-73.99098507,250
60425,Picnic Point,Soissons Landing,40.68512559515415,-74.02535319328308,40.69231660719192,-74.01486575603485,249
12959,Vernon Blvd & 50 Ave,Franklin St & Dupont St,40.74232744,-73.95411749,40.73564,-73.95866,246
6942,North Moore St & Greenwich St,Vesey Pl & River Terrace,40.72019521437465,-74.0103006362915,40.7153379,-74.01658354,245
4796,W 26 St & 8 Ave,10 Ave & W 28 St,40.74734825,-73.99723551,40.75066386,-74.00176802,243
7112,W 21 St & 6 Ave,W 15 St & 7 Ave,40.74173969,-73.99415556,40.73935542,-73.99931783,243
3008,11 Ave & W 41 St,8 Ave & W 33 St,40.76030096,-73.99884222,40.751551,-73.993934,240
5005,Broadway & Berry St,N 6 St & Bedford Ave,40.71044554,-73.96525063,40.71745169,-73.95850939,239
10590,Vernon Blvd & 50 Ave,46 Ave & 5 St,40.74232744,-73.95411749,40.74731,-73.95451,237
15870,N 6 St & Bedford Ave,Broadway & Berry St,40.71745169,-73.95850939,40.71044554,-73.96525063,236
16190,West St & Liberty St,West St & Liberty St,40.711444,-74.014847,40.711444,-74.014847,236
107094,Soissons Landing,Picnic Point,40.69231660719192,-74.01486575603485,40.68512559515415,-74.02535319328308,235
31366,Central Park S & 6 Ave,5 Ave & E 72 St,40.76590936,-73.97634151,40.77282817,-73.96685276,233
1838,E 33 St & 1 Ave,W 31 St & 7 Ave,40.74322681432173,-73.97449783980846,40.749156,-73.9916,233
6109,W 84 St & Columbus Ave,Columbus Ave & W 72 St,40.78499979,-73.97283406,40.7770575,-73.97898475,232
31808,W 20 St & 10 Ave,W 21 St & 6 Ave,40.745686,-74.005141,40.74173969,-73.99415556,232
918,Kent Ave & N 7 St,Milton St & Franklin St,40.72036775298455,-73.96165072917938,40.72906,-73.95779,231
432426,River Ter & Warren St,Vesey Pl & River Terrace,40.71759894980997,-74.01587963104248,40.7153379,-74.01658354,231
7944,Canal St & Rutgers St,Henry St & Grand St,40.71427487,-73.98990025,40.714211,-73.981095,230
2951,Broadway & W 41 St,6 Ave & W 34 St,40.75513557,-73.98658032,40.74964,-73.98805,229
31874,W 70 St & Amsterdam Ave,Riverside Blvd & W 67 St,40.77748046,-73.98288594,40.777507027547976,-73.98888587951659,228
7002,46 Ave & 5 St,45 Ave & 21 St,40.74731,-73.95451,40.74737075646803,-73.94777297973631,228
15656,W 22 St & 8 Ave,W 22 St & 10 Ave,40.74475148,-73.99915362,40.74691959,-74.00451887,227
78665,Centre St & Worth St,Centre St & Chambers St,40.71494807,-74.00234482,40.71273266,-74.0046073,226
8135,E 77 St & 3 Ave,1 Ave & E 78 St,40.77314236,-73.95856158,40.77140426,-73.9535166,225
2268,1 Ave & E 68 St,E 68 St & 3 Ave,40.76500525,-73.95818491,40.76712840349542,-73.96224617958069,225
23649,Brooklyn Bridge Park - Pier 2,Brooklyn Bridge Park - Pier 2,40.698458,-73.997178,40.698458,-73.997178,224
56636,Grand Army Plaza & Central Park S,5 Ave & E 87 St,40.7643971,-73.97371465,40.78232260730881,-73.95987510681152,223
226,S 3 St & Bedford Ave,N 6 St & Bedford Ave,40.71260486,-73.96264403,40.71745169,-73.95850939,223
220,45 Ave & 21 St,46 Ave & 5 St,40.74737075646803,-73.94777297973631,40.74731,-73.95451,220
35811,12 Ave & W 40 St,Pier 40 - Hudson River Park,40.76087502,-74.00277668,40.7277140777778,-74.01129573583603,220
4136,10 Ave & W 14 St,10 Ave & W 14 St,40.74198159994023,-74.00831580162048,40.74198159994023,-74.00831580162048,218
1748,Central Park S & 6 Ave,Central Park West & W 72 St,40.76590936,-73.97634151,40.77579376683666,-73.9762057363987,217
1686,E 102 St & 1 Ave,2 Ave & E 96 St,40.7869946,-73.94164802,40.7839636,-73.9471673,216
20874,Greenwich St & W Houston St,Pier 40 - Hudson River Park,40.728846,-74.008591,40.7277140777778,-74.01129573583603,216
3307,9 Ave & W 22 St,W 21 St & 6 Ave,40.7454973,-74.00197139,40.74173969,-73.99415556,216
2524,W 20 St & 10 Ave,W 20 St & 8 Ave,40.745686,-74.005141,40.74345335,-74.00004031,216
3618,E 33 St & 1 Ave,6 Ave & W 33 St,40.74322681432173,-73.97449783980846,40.74901271,-73.98848395,215
17277,W 21 St & 6 Ave,W 22 St & 8 Ave,40.74173969,-73.99415556,40.74475148,-73.99915362,214
14297,West St & Liberty St,Little West St & 1 Pl,40.711444,-74.014847,40.70569254,-74.01677685,213
19688,10 Ave & W 14 St,West St & Liberty St,40.74198159994023,-74.00831580162048,40.711444,-74.014847,213
931,Riverside Blvd & W 67 St,Riverside Blvd & W 67 St,40.777507027547976,-73.98888587951659,40.777507027547976,-73.98888587951659,212
5593,Center Blvd & 51 Ave,Vernon Blvd & 50 Ave,40.74336608027021,-73.95960688591003,40.74232744,-73.95411749,212
12738,Grand Army Plaza & Central Park S,Central Park S & 6 Ave,40.7643971,-73.97371465,40.76590936,-73.97634151,212
8646,Central Park West & W 85 St,Central Park West & W 85 St,40.78476,-73.969862,40.78476,-73.969862,211
5681,N 6 St & Bedford Ave,Wythe Ave & Metropolitan Ave,40.71745169,-73.95850939,40.716887,-73.963198,210
13311,Amsterdam Ave & W 73 St,Amsterdam Ave & W 82 St,40.77966809007312,-73.98093044757842,40.78524672,-73.97667321,209
3891,E 40 St & Park Ave,E 27 St & Park Ave S,40.750756,-73.978326,40.74275179648995,-73.9847157150507,208
8491,11 Ave & W 27 St,W 26 St & 8 Ave,40.751396,-74.005226,40.74734825,-73.99723551,208
11764,E 68 St & 3 Ave,1 Ave & E 68 St,40.76712840349542,-73.96224617958069,40.76500525,-73.95818491,208
30187,1 Ave & E 68 St,1 Ave & E 62 St,40.76500525,-73.95818491,40.7612274,-73.96094022,208
10684,S 5 Pl & S 5 St,S 5 Pl & S 5 St,40.710451,-73.960876,40.710451,-73.960876,207
4442,Willoughby St & Fleet St,Adelphi St & Myrtle Ave,40.69196566,-73.9813018,40.69308257,-73.97178913,207
7537,6 Ave & W 33 St,E 33 St & 1 Ave,40.74901271,-73.98848395,40.74322681432173,-73.97449783980846,206
5373,1 Ave & E 78 St,E 85 St & 3 Ave,40.77140426,-73.9535166,40.77801203,-73.95407149,206
25779,2 Ave & E 72 St,E 72 St & York Ave,40.7687620293096,-73.95840793848038,40.76663814,-73.95348296,205
475,11 Ave & W 41 St,11 Ave & W 41 St,40.76030096,-73.99884222,40.76030096,-73.99884222,205
49887,11 Ave & W 41 St,W 44 St & 11 Ave,40.76030096,-73.99884222,40.762009,-73.996975,204
7454,Kent Ave & N 7 St,Franklin St & Dupont St,40.72036775298455,-73.96165072917938,40.73564,-73.95866,203
11972,9 Ave & W 18 St,W 17 St & 8 Ave,40.74317449,-74.00366443,40.74177603,-74.00149746,203
6746,Washington Square E,University Pl & E 14 St,40.73049393,-73.9957214,40.734814,-73.992085,202
21788,W 26 St & 8 Ave,11 Ave & W 27 St,40.74734825,-73.99723551,40.751396,-74.005226,202
7460,Cleveland Pl & Spring St,Cleveland Pl & Spring St,40.722103786686034,-73.99724900722504,40.722103786686034,-73.99724900722504,202
2021,Centre St & Chambers St,Cadman Plaza E & Tillary St,40.71273266,-74.0046073,40.69597683,-73.99014892,201
1117,5 Ave & E 63 St,5 Ave & E 63 St,40.766368,-73.971518,40.766368,-73.971518,200
4946,Kent Ave & N 7 St,Huron St & Franklin St,40.72036775298455,-73.96165072917938,40.73266,-73.95826,200
5429,Central Park West & W 68 St,Central Park West & W 72 St,40.7734066,-73.97782542,40.77579376683666,-73.9762057363987,199
15470,University Pl & E 8 St,University Pl & E 14 St,40.73143724085228,-73.99490341544151,40.734814,-73.992085,199
35473,Southpoint Park,Southpoint Park,40.75370225419114,-73.95865201950072,40.75370225419114,-73.95865201950072,199
6758,University Pl & E 14 St,University Pl & E 14 St,40.734814,-73.992085,40.734814,-73.992085,198
13492,E 33 St & 1 Ave,6 Ave & W 34 St,40.74322681432173,-73.97449783980846,40.74964,-73.98805,198
32672,Henry St & Grand St,Clinton St & Grand St,40.714211,-73.981095,40.71559509,-73.9870295,198
23377,11 Ave & W 59 St,W 59 St & 10 Ave,40.77149671054441,-73.99046033620834,40.770513,-73.988038,197
3557,Parade Pl & Crooke Ave,Parade Pl & Crooke Ave,40.651847,-73.965248,40.651847,-73.965248,195
23937,W 29 St & 9 Ave,9 Ave & W 22 St,40.7500727,-73.99839279,40.7454973,-74.00197139,193
1279,West St & Liberty St,10 Ave & W 14 St,40.711444,-74.014847,40.74198159994023,-74.00831580162048,193
146496,E 10 St & Avenue A,Ave A & E 14 St,40.72740794,-73.98142006,40.73031071000895,-73.98047178983688,193
5618,Richardson St & N Henry St,Graham Ave & Conselyea St,40.71907891179564,-73.94223690032959,40.715143,-73.944507,193
11296,W 26 St & 10 Ave,W 26 St & 8 Ave,40.749717753,-74.002950346,40.74734825,-73.99723551,193
3619,Riverside Blvd & W 67 St,W 70 St & Amsterdam Ave,40.777507027547976,-73.98888587951659,40.77748046,-73.98288594,192
10550,W 70 St & Amsterdam Ave,W 64 St & Thelonious Monk Circle,40.77748046,-73.98288594,40.77515953434235,-73.98918695747852,192
51973,E 27 St & 1 Ave,E 25 St & 2 Ave,40.739445,-73.976806,40.73912601,-73.97973776,191
26234,West St & Chambers St,West St & Liberty St,40.71754834,-74.01322069,40.711444,-74.014847,191
23415,Columbus Ave & W 72 St,W 63 St & Broadway,40.7770575,-73.97898475,40.77163851,-73.98261428,191
4598,Pier 40 - Hudson River Park,West St & Liberty St,40.7277140777778,-74.01129573583603,40.711444,-74.014847,190
18379,7 Ave & Central Park South,5 Ave & E 87 St,40.7667405590595,-73.9790689945221,40.78232260730881,-73.95987510681152,189
14961,3 Ave & E 62 St,1 Ave & E 68 St,40.76312584,-73.96526895,40.76500525,-73.95818491,189
41254,Wards Meadow Comfort Station,Wards Meadow Comfort Station,40.78294,-73.93077,40.78294,-73.93077,188
12506,Plaza St East & Flatbush Ave,Plaza St East & Flatbush Ave,40.673134,-73.969106,40.673134,-73.969106,188
4243,Vesey Pl & River Terrace,Vesey Pl & River Terrace,40.7153379,-74.01658354,40.7153379,-74.01658354,188
8174,Central Park W & W 91 St,Central Park W & W 91 St,40.78866499127884,-73.96680057048798,40.78866499127884,-73.96680057048798,187
167,Picnic Point,Yankee Ferry Terminal,40.68512559515415,-74.02535319328308,40.68706579875912,-74.01675585121666,187
1030,W 64 St & Thelonious Monk Circle,W 70 St & Amsterdam Ave,40.77515953434235,-73.98918695747852,40.77748046,-73.98288594,187
10084,W 16 St & The High Line,8 Ave & W 16 St,40.74334935,-74.00681753,40.740983,-74.001702,187
26402,Huron St & Franklin St,Kent Ave & N 7 St,40.73266,-73.95826,40.72036775298455,-73.96165072917938,185
4427,Central Park S & 6 Ave,5 Ave & E 78 St,40.76590936,-73.97634151,40.77632142182271,-73.96427392959595,185
1021,Central Park North & Adam Clayton Powell Blvd,7 Ave & Central Park South,40.799484,-73.955613,40.7667405590595,-73.9790689945221,185
7729,W 70 St & Amsterdam Ave,West End Ave & W 60 St,40.77748046,-73.98288594,40.77237,-73.99005,184
1402,3 St & Prospect Park West,3 St & Prospect Park West,40.668132,-73.97363831,40.668132,-73.97363831,184
352,Clinton St & Grand St,Clinton St & Cherry St,40.71559509,-73.9870295,40.711471394469264,-73.98672603070736,183
11586,Center Blvd & 51 Ave,Center Blvd & 51 Ave,40.74336608027021,-73.95960688591003,40.74336608027021,-73.95960688591003,182
14453,Central Park West & W 72 St,5 Ave & E 72 St,40.77579376683666,-73.9762057363987,40.77282817,-73.96685276,182
8912,W 15 St & 6 Ave,W 21 St & 6 Ave,40.738046142482766,-73.99642959237099,40.74173969,-73.99415556,181
139,5 Ave & E 72 St,Central Park West & W 72 St,40.77282817,-73.96685276,40.77579376683666,-73.9762057363987,181
34860,E 40 St & Park Ave,E 33 St & 1 Ave,40.750756,-73.978326,40.74322681432173,-73.97449783980846,180
17190,West St & Chambers St,Christopher St & Greenwich St,40.71754834,-74.01322069,40.73291553,-74.00711384,180
34760,1 Ave & E 16 St,E 23 St & 1 Ave,40.73221853,-73.98165557,40.736502,-73.97809472,180
8880,Kingsland Ave & Nassau Ave,Leonard St & Nassau Ave,40.72577,-73.94173,40.7239567849954,-73.94984364509583,180
33284,Broadway & W 53 St,W 53 St & 10 Ave,40.76344058,-73.98268129,40.76669671,-73.99061728,179
13109,Kent Ave & N 7 St,India St Pier,40.72036775298455,-73.96165072917938,40.731734785883454,-73.9612390102593,178
6059,Vesey Pl & River Terrace,North Moore St & Greenwich St,40.7153379,-74.01658354,40.72019521437465,-74.0103006362915,178
17075,E 33 St & 1 Ave,E 40 St & Park Ave,40.74322681432173,-73.97449783980846,40.750756,-73.978326,178
3281,Motorgate,Motorgate,40.7639089,-73.9477213,40.7639089,-73.9477213,178
26146,1 Ave & E 30 St,2 Ave & E 29 St,40.74144387,-73.97536082,40.74172351097472,-73.97809267044067,178
37329,5 Ave & E 103 St,5 Ave & E 103 St,40.7922553,-73.95249933,40.7922553,-73.95249933,177
5043,Driggs Ave & N Henry St,Driggs Ave & N 9 St,40.72325,-73.94308,40.71816969454208,-73.95520135760307,177
33932,W 42 St & 6 Ave,11 Ave & W 41 St,40.75492,-73.98455,40.76030096,-73.99884222,177
30406,E 85 St & York Ave,E 85 St & 3 Ave,40.77536905,-73.94803392,40.77801203,-73.95407149,177
4266,W 54 St & 9 Ave,9 Ave & W 45 St,40.76584941,-73.98690506,40.76019252,-73.9912551,177
3566,West St & Liberty St,Pier 40 - Hudson River Park,40.711444,-74.014847,40.7277140777778,-74.01129573583603,176
537,W 20 St & 10 Ave,W 20 St & 7 Ave,40.745686,-74.005141,40.74238787,-73.99726235,176
5056,E 27 St & 1 Ave,W 31 St & 7 Ave,40.739445,-73.976806,40.749156,-73.9916,176
5313,2 Ave & E 72 St,1 Ave & E 78 St,40.7687620293096,-73.95840793848038,40.77140426,-73.9535166,175
27101,E 31 St & 3 Ave,W 31 St & 7 Ave,40.74394314,-73.97966069,40.749156,-73.9916,175
11564,Vernon Blvd & 50 Ave,Center Blvd & 51 Ave,40.74232744,-73.95411749,40.74336608027021,-73.95960688591003,175
2727,E 32 St & Park Ave,E 33 St & 1 Ave,40.7457121,-73.98194829,40.74322681432173,-73.97449783980846,174
48432,W 89 St & Columbus Ave,Columbus Ave & W 72 St,40.7882213,-73.97041561,40.7770575,-73.97898475,174
2863,9 Ave & W 22 St,9 Ave & W 18 St,40.7454973,-74.00197139,40.74317449,-74.00366443,172
91507,Atlantic Ave & Furman St,Atlantic Ave & Furman St,40.69165183,-73.9999786,40.69165183,-73.9999786,172
6526,W 21 St & 6 Ave,W 20 St & 10 Ave,40.74173969,-73.99415556,40.745686,-74.005141,172
11215,E 7 St & Avenue A,Cooper Square & Astor Pl,40.72621788,-73.98379855,40.72951496224949,-73.99075269699097,172
1647,Grand Army Plaza & Central Park S,5 Ave & E 72 St,40.7643971,-73.97371465,40.77282817,-73.96685276,171
31050,E 47 St & Park Ave,W 41 St & 8 Ave,40.75510267,-73.97498696,40.75640548,-73.9900262,171
55448,West St & Chambers St,W 22 St & 10 Ave,40.71754834,-74.01322069,40.74691959,-74.00451887,171
39155,5 Ave & E 78 St,5 Ave & E 72 St,40.77632142182271,-73.96427392959595,40.77282817,-73.96685276,171
50158,E 27 St & 1 Ave,2 Ave & E 29 St,40.739445,-73.976806,40.74172351097472,-73.97809267044067,170
3638,Central Park West & W 72 St,7 Ave & Central Park South,40.77579376683666,-73.9762057363987,40.7667405590595,-73.9790689945221,170
111102,Shore Blvd & Astoria Park,Shore Blvd & Astoria Park,40.77977,-73.923162,40.77977,-73.923162,170
40440,Graham Ave & Conselyea St,Richardson St & N Henry St,40.715143,-73.944507,40.71907891179564,-73.94223690032959,170
4866,Franklin St & Dupont St,Kent Ave & N 7 St,40.73564,-73.95866,40.72036775298455,-73.96165072917938,169
3282,Central Park West & W 76 St,Central Park West & W 76 St,40.77896784,-73.97374737,40.77896784,-73.97374737,168
387112,Central Park W & W 97 St,Central Park W & W 97 St,40.79249519495111,-73.96417066463071,40.79249519495111,-73.96417066463071,168
1936,West Thames St,West Thames St,40.70834698,-74.01713445,40.70834698,-74.01713445,168
16651,1 Ave & E 16 St,1 Ave & E 18 St,40.73221853,-73.98165557,40.73381219196632,-73.98054420948029,167
5784,E 7 St & Ave B,Cooper Square & Astor Pl,40.7251285241158,-73.98131668567657,40.72951496224949,-73.99075269699097,167
6588,Broadway & W 56 St,W 54 St & 11 Ave,40.7652654,-73.98192338,40.768333,-73.992573,167
12931,Kent Ave & N 7 St,Kent Ave & N 7 St,40.72036775298455,-73.96165072917938,40.72036775298455,-73.96165072917938,166
13708,Newtown Ave & 23 St,31 St & Newtown Ave,40.7713615,-73.9246145,40.7675487799971,-73.9209334552288,166
6649,W 30 St & 10 Ave,W 30 St & 10 Ave,40.752694,-74.002353,40.752694,-74.002353,165
9028,Washington St & Gansevoort St,Washington St & Gansevoort St,40.739323,-74.008119,40.739323,-74.008119,165
33400,1 Ave & E 18 St,1 Ave & E 16 St,40.73381219196632,-73.98054420948029,40.73221853,-73.98165557,165
16016,E 1 St & 1 Ave,E 2 St & Avenue C,40.72335597960796,-73.98864984512329,40.7208736,-73.98085795,164
8189,Driggs Ave & Lorimer St,Driggs Ave & N 9 St,40.72179134,-73.9504154,40.71816969454208,-73.95520135760307,164
4138,Broadway & W 25 St,Broadway & W 25 St,40.74286877312112,-73.98918628692627,40.74286877312112,-73.98918628692627,163
1148,Broadway & W 61 St,Broadway & W 61 St,40.77003010255044,-73.9819684624672,40.77003010255044,-73.9819684624672,163
3613,W 21 St & 6 Ave,6 Ave & W 33 St,40.74173969,-73.99415556,40.74901271,-73.98848395,163
1584,W 21 St & 6 Ave,10 Ave & W 28 St,40.74173969,-73.99415556,40.75066386,-74.00176802,163
17318,Amsterdam Ave & W 79 St,Amsterdam Ave & W 73 St,40.7829391,-73.9786517,40.77966809007312,-73.98093044757842,163
37213,E 33 St & 1 Ave,2 Ave & E 31 St,40.74322681432173,-73.97449783980846,40.74290902,-73.97706058,163
4797,Little West St & 1 Pl,West St & Chambers St,40.70569254,-74.01677685,40.71754834,-74.01322069,163
4967,India St & Manhattan Ave,Franklin St & Dupont St,40.73232194,-73.9550858,40.73564,-73.95866,163
43119,6 Ave & W 33 St,6 Ave & W 45 St,40.74901271,-73.98848395,40.756951,-73.982631,163
10626,Franklin St & Dupont St,India St & Manhattan Ave,40.73564,-73.95866,40.73232194,-73.9550858,163
32130,University Pl & E 14 St,Broadway & E 14 St,40.734814,-73.992085,40.73454567,-73.99074142,162
11720,1 Ave & E 39 St,1 Ave & E 44 St,40.74714,-73.97113,40.75001986,-73.96905301,162
3527,Pier 40 - Hudson River Park,Pier 40 - Hudson River Park,40.727714,-74.011296,40.727714,-74.011296,162
9338,Adelphi St & Myrtle Ave,Willoughby St & Fleet St,40.69308257,-73.97178913,40.69196566,-73.9813018,161
4287,1 Ave & E 68 St,E 88 St & 1 Ave,40.76500525,-73.95818491,40.778301,-73.9488134,161
9664,W 22 St & 10 Ave,W 22 St & 10 Ave,40.74691959,-74.00451887,40.74691959,-74.00451887,161
48617,Suffolk St & Stanton St,Suffolk St & Stanton St,40.72066442,-73.98517977,40.72066442,-73.98517977,161
4142,Broadway & W 29 St,Broadway & W 25 St,40.7462009,-73.98855723,40.74286877312112,-73.98918628692627,161
15473,Broadway & E 21 St,University Pl & E 14 St,40.73988840858996,-73.98958593606949,40.734814,-73.992085,161
41612,Riverside Dr & W 72 St,Riverside Dr & W 72 St,40.78057799010334,-73.98562431335449,40.78057799010334,-73.98562431335449,160
4795,Washington St & Gansevoort St,West St & Chambers St,40.739323,-74.008119,40.71754834,-74.01322069,160
34208,12 Ave & W 125 St,12 Ave & W 125 St,40.818299,-73.960405,40.818299,-73.960405,159
28231,46 Ave & 5 St,44 Dr & Jackson Ave,40.74731,-73.95451,40.74718234,-73.9432635,159
118139,Old Slip & South St,South St & Gouverneur Ln,40.70336686695866,-74.007867872715,40.70355377,-74.00670227,158
21097,Kane St & Clinton St,Clinton St & Joralemon St,40.6861758,-73.99645295,40.69239502,-73.99337909,158
833,W 43 St & 10 Ave,W 43 St & 10 Ave,40.76009437,-73.99461843,40.76009437,-73.99461843,158
6855,West St & Chambers St,W 16 St & The High Line,40.71754834,-74.01322069,40.74334935,-74.00681753,158
21928,Little West St & 1 Pl,Little West St & 1 Pl,40.70569254,-74.01677685,40.70569254,-74.01677685,157
174712,E 11 St & Avenue B,Ave A & E 14 St,40.72746420692392,-73.97950418293476,40.73031071000895,-73.98047178983688,157
14802,9 Ave & W 22 St,W 22 St & 8 Ave,40.7454973,-74.00197139,40.74475148,-73.99915362,157
3785,6 Ave & W 34 St,Broadway & W 41 St,40.74964,-73.98805,40.75513557,-73.98658032,156
11516,Riverside Dr & W 82 St,Riverside Dr & W 82 St,40.78720869,-73.98128127,40.78720869,-73.98128127,156
4084,Clinton St & Cherry St,Clinton St & Grand St,40.711471394469264,-73.98672603070736,40.71559509,-73.9870295,156
69908,Nelson Ave & W 172 St,Nelson Ave & W 172 St,40.843965,-73.920999,40.843965,-73.920999,156
29956,2 Ave & E 104 St,2 Ave & E 96 St,40.7892105,-73.94370784,40.7839636,-73.9471673,156
13184,Grand Army Plaza & Central Park S,Central Park West & W 72 St,40.7643971,-73.97371465,40.77579376683666,-73.9762057363987,156
12051,Monroe St & Tompkins Ave,Macon St & Nostrand Ave,40.686203,-73.944694,40.6809833854,-73.9500479759,156
5409,University Pl & E 14 St,University Pl & E 8 St,40.734814,-73.992085,40.73143724085228,-73.99490341544151,155
79843,11 Ave & W 41 St,W 34 St &\tHudson Blvd E,40.76030096,-73.99884222,40.75516719072139,-74.00059908628464,154
26784,3 St & Prospect Park West,Plaza St West & Flatbush Ave,40.668132,-73.97363831,40.6750207,-73.97111473,154
25085,West St & Chambers St,Little West St & 1 Pl,40.71754834,-74.01322069,40.70569254,-74.01677685,154
15679,Broadway & E 14 St,Washington Pl & Broadway,40.73454567,-73.99074142,40.72903917,-73.99404649,154
13115,Nassau Ave & Russell St,Driggs Ave & N 9 St,40.72557,-73.94434,40.71816969454208,-73.95520135760307,153
1549,E 91 St & 2 Ave,E 91 St & 2 Ave,40.78115276427916,-73.94963040947914,40.78115276427916,-73.94963040947914,153
45146,2 Ave & E 96 St,E 102 St & 1 Ave,40.7839636,-73.9471673,40.7869946,-73.94164802,153
18494,Yankee Ferry Terminal,Picnic Point,40.68706579875912,-74.01675585121666,40.68512559515415,-74.02535319328308,153
17308,S 4 St & Wythe Ave,S 4 St & Wythe Ave,40.71285887,-73.96590294,40.71285887,-73.96590294,152
25561,Lenox Ave & W 111 St,Lenox Ave & W 111 St,40.7987859,-73.9523,40.7987859,-73.9523,152
15143,W 70 St & Amsterdam Ave,W 70 St & Amsterdam Ave,40.77748046,-73.98288594,40.77748046,-73.98288594,151
6357,E 2 St & Avenue B,E 1 St & 1 Ave,40.72217444,-73.98368779,40.72335597960796,-73.98864984512329,151
43138,Central Park S & 6 Ave,5 Ave & E 93 St,40.76590936,-73.97634151,40.7857851,-73.957481,151
14755,31 St & Newtown Ave,Newtown Ave & 23 St,40.7675487799971,-73.9209334552288,40.7713615,-73.9246145,150
22680,Frederick Douglass Blvd & W 112 St,Frederick Douglass Blvd & W 112 St,40.801694,-73.957145,40.801694,-73.957145,150
51424,West End Ave & W 60 St,West End Ave & W 60 St,40.77237,-73.99005,40.77237,-73.99005,150
9980,West Thames St,West St & Liberty St,40.70834698,-74.01713445,40.711444,-74.014847,149
11533,Columbus Ave & W 72 St,Columbus Ave & W 72 St,40.7770575,-73.97898475,40.7770575,-73.97898475,149
13774,46 Ave & 5 St,Jackson Ave & 46 Rd,40.74731,-73.95451,40.74524768,-73.94733276,149
1865,7 Ave & Central Park South,Central Park West & W 72 St,40.7667405590595,-73.9790689945221,40.77579376683666,-73.9762057363987,149
1581,Christopher St & Greenwich St,West St & Chambers St,40.732916,-74.007114,40.717548,-74.013221,149
935,Berry St & N 8 St,Milton St & Franklin St,40.7190095,-73.95852515,40.72906,-73.95779,148
15090,Lexington Ave & E 111 St,Lenox Ave & W 111 St,40.7954121,-73.9441232,40.7987859,-73.9523,148
3309,W 21 St & 6 Ave,W 21 St & 6 Ave,40.74173969,-73.99415556,40.74173969,-73.99415556,148
9628,Broadway & Berry St,Broadway & Roebling St,40.71044554,-73.96525063,40.70924826276157,-73.96063148975372,148
38378,8 Ave & W 16 St,W 20 St & 10 Ave,40.740983,-74.001702,40.745686,-74.005141,148
58445,West Thames St,West St & Chambers St,40.70834698,-74.01713445,40.71754834,-74.01322069,148
12737,7 Ave & Central Park South,Central Park S & 6 Ave,40.7667405590595,-73.9790689945221,40.76590936,-73.97634151,148
5291,Wythe Ave & Metropolitan Ave,N 6 St & Bedford Ave,40.716887,-73.963198,40.71745169,-73.95850939,147
19709,E 23 St & 1 Ave,1 Ave & E 16 St,40.736502,-73.97809472,40.73221853,-73.98165557,147
561,Norfolk St & Broome St,Norfolk St & Broome St,40.7172274,-73.98802084,40.7172274,-73.98802084,147
23127,31 St & Newtown Ave,18 St & 27 Ave,40.7675487799971,-73.9209334552288,40.772768286288304,-73.92743647098541,147
14929,1 Ave & E 68 St,1 Ave & E 68 St,40.76500525,-73.95818491,40.76500525,-73.95818491,146
275392,E Burnside Ave & Ryer Ave,E Burnside Ave & Ryer Ave,40.850535,-73.901318,40.850535,-73.901318,146
18202,44 Dr & Jackson Ave,46 Ave & 5 St,40.74718234,-73.9432635,40.74731,-73.95451,146
8275,Leonard St & Nassau Ave,Kingsland Ave & Nassau Ave,40.7239567849954,-73.94984364509583,40.72577,-73.94173,146
21417,E 33 St & 1 Ave,E 32 St & Park Ave,40.74322681432173,-73.97449783980846,40.7457121,-73.98194829,146
11687,8 Ave & W 16 St,W 21 St & 6 Ave,40.740983,-74.001702,40.74173969,-73.99415556,146
5711,1 Ave & E 16 St,E 33 St & 1 Ave,40.73221853,-73.98165557,40.74322681432173,-73.97449783980846,146
3653,West End Ave & W 60 St,W 70 St & Amsterdam Ave,40.77237,-73.99005,40.77748046,-73.98288594,145
12676,Central Park S & 6 Ave,Central Park West & W 68 St,40.76590936,-73.97634151,40.7734066,-73.97782542,145
11829,West St & Chambers St,Washington St & Gansevoort St,40.71754834,-74.01322069,40.739323,-74.008119,145
20760,Broadway & E 21 St,W 21 St & 6 Ave,40.73988840858996,-73.98958593606949,40.74173969,-73.99415556,145
2904,W 67 St & Broadway,W 64 St & Thelonious Monk Circle,40.77492513,-73.98266566,40.77515953434235,-73.98918695747852,145
5544,E 85 St & 3 Ave,1 Ave & E 78 St,40.77801203,-73.95407149,40.77140426,-73.9535166,144
3819,W 54 St & 11 Ave,W 54 St & 11 Ave,40.768333,-73.992573,40.768333,-73.992573,144
13330,W 29 St & 9 Ave,9 Ave & W 18 St,40.7500727,-73.99839279,40.74317449,-74.00366443,144
179106,Ave A & E 14 St,E 7 St & Avenue A,40.73031071000895,-73.98047178983688,40.72621788,-73.98379855,144
41940,W 22 St & 8 Ave,W 22 St & 8 Ave,40.74475148,-73.99915362,40.74475148,-73.99915362,144
9859,Broadway & W 58 St,Grand Army Plaza & Central Park S,40.76695317,-73.98169333,40.7643971,-73.97371465,144
48108,E 27 St & Park Ave S,E 40 St & Park Ave,40.74275179648995,-73.9847157150507,40.750756,-73.978326,143
5859,6 Ave & W 33 St,W 42 St & 6 Ave,40.74901271,-73.98848395,40.75492,-73.98455,143
349,Metropolitan Ave & Bedford Ave,Hope St & Union Ave,40.71534825,-73.96024116,40.71167351,-73.95141312,143
32297,W 106 St & Central Park West,W 106 St & Central Park West,40.7981856,-73.9605909006,40.7981856,-73.9605909006,143
9919,W 22 St & 10 Ave,9 Ave & W 22 St,40.74691959,-74.00451887,40.7454973,-74.00197139,143
140648,Grand Army Plaza & Central Park S,Central Park North & Adam Clayton Powell Blvd,40.7643971,-73.97371465,40.799484,-73.955613,143
61500,W 34 St &\tHudson Blvd E,11 Ave & W 41 St,40.75516719072139,-74.00059908628464,40.76030096,-73.99884222,143
946,Albany St & Greenwich St,Albany St & Greenwich St,40.709267,-74.013247,40.709267,-74.013247,143
28147,Wythe Ave & Metropolitan Ave,S 4 St & Wythe Ave,40.716887,-73.963198,40.71285887,-73.96590294,142
1169,Clinton Ave & Myrtle Ave,Willoughby St & Fleet St,40.693261,-73.968896,40.69196566,-73.9813018,142
4043,FDR Drive & E 35 St,FDR Drive & E 35 St,40.744219,-73.97121214,40.744219,-73.97121214,142
32410,8 Ave & W 49 St,W 50 St & 10 Ave,40.76171227910671,-73.98655101656914,40.76473420006519,-73.99194359779358,142
198920,Ave A & E 14 St,E 9 St & Avenue C,40.73031071000895,-73.98047178983688,40.72521311,-73.97768752,142
7626,7 Ave & Central Park South,5 Ave & E 72 St,40.7667405590595,-73.9790689945221,40.77282817,-73.96685276,142
10013,Central Park West & W 72 St,Central Park West & W 68 St,40.77579376683666,-73.9762057363987,40.7734066,-73.97782542,142
7725,8 Ave & W 33 St,11 Ave & W 41 St,40.751551,-73.993934,40.76030096,-73.99884222,141
70774,W 51 St & Rockefeller Plaza,Broadway & W 41 St,40.75973805251143,-73.97811613976955,40.75513557,-73.98658032,141
131235,7 Ave & Central Park South,Central Park North & Adam Clayton Powell Blvd,40.7667405590595,-73.9790689945221,40.799484,-73.955613,141
1901,1 Ave & E 68 St,E 55 St & 2 Ave,40.76500525,-73.95818491,40.75797322,-73.96603308,141
5861,Norfolk St & Broome St,Grand St & Samuel Dickstein Plaza,40.7172274,-73.98802084,40.71511871996496,-73.98417055606842,141
2854,West St & Chambers St,Spring St & Hudson St,40.71754834,-74.01322069,40.72583996792375,-74.0076532959938,140
2166,St Nicholas Ave & Manhattan Ave,Frederick Douglass Blvd & W 117 St,40.809725,-73.953149,40.805159,-73.954692,140
29597,Vesey Pl & River Terrace,West St & Chambers St,40.7153379,-74.01658354,40.71754834,-74.01322069,140
40478,5 Ave & E 72 St,5 Ave & E 78 St,40.77282817,-73.96685276,40.77632142182271,-73.96427392959595,140
5029,E 85 St & 3 Ave,E 85 St & York Ave,40.77801203,-73.95407149,40.77536905,-73.94803392,140
9103,9 Ave & W 45 St,W 36 St & 9 Ave,40.76019252,-73.9912551,40.75462324029105,-73.99516761302948,140
20896,W 44 St & 11 Ave,W 44 St & 5 Ave,40.762009,-73.996975,40.75500254,-73.98014437,140
5603,N 6 St & Bedford Ave,Bedford Ave & Nassau Ave,40.71745169,-73.95850939,40.72311651,-73.95212324,140
12758,W 22 St & 10 Ave,Broadway & E 21 St,40.74691959,-74.00451887,40.73988840858996,-73.98958593606949,140
9257,7 Ave & Park Pl,3 St & 7 Ave,40.6776147,-73.97324283,40.6703837,-73.97839676,139
4435,5 Ave & E 78 St,Grand Army Plaza & Central Park S,40.77632142182271,-73.96427392959595,40.7643971,-73.97371465,139
34376,3 St & 7 Ave,7 Ave & Park Pl,40.6703837,-73.97839676,40.6776147,-73.97324283,139
17684,Grand Army Plaza & Central Park S,Broadway & W 58 St,40.7643971,-73.97371465,40.76695317,-73.98169333,139
29068,West St & Liberty St,Vesey Pl & River Terrace,40.711444,-74.014847,40.7153379,-74.01658354,139
15145,5 Ave & E 72 St,7 Ave & Central Park South,40.77282817,-73.96685276,40.7667405590595,-73.9790689945221,139
27616,E 30 St & Park Ave S,E 40 St & Park Ave,40.74444921,-73.98303529,40.750756,-73.978326,139
230833,Ave A & E 14 St,E 7 St & Ave C,40.73031071000895,-73.98047178983688,40.72412944090093,-73.97901266813278,138
6470,E 13 St & 2 Ave,Broadway & E 14 St,40.73153937464073,-73.9853024482727,40.73454567,-73.99074142,138
30308,5 Ave & E 72 St,Central Park North & Adam Clayton Powell Blvd,40.77282817,-73.96685276,40.799484,-73.955613,138
15220,8 Ave & W 16 St,8 Ave & W 31 St,40.740983,-74.001702,40.7505853470215,-73.9946848154068,138
16538,3 St & Prospect Park West,West Drive & Prospect Park West,40.668132,-73.97363831,40.6610633719006,-73.97945255041122,138
177,10 Ave & W 14 St,12 Ave & W 40 St,40.74198159994023,-74.00831580162048,40.76087502,-74.00277668,137
10136,E 33 St & 1 Ave,1 Ave & E 39 St,40.74322681432173,-73.97449783980846,40.74714,-73.97113,137
1860,6 Ave & W 34 St,6 Ave & W 34 St,40.74964,-73.98805,40.74964,-73.98805,137
9561,Grand St & Elizabeth St,Clinton St & Grand St,40.718822,-73.99596,40.71559509,-73.9870295,137
33953,E 84 St & 1 Ave,E 85 St & York Ave,40.77565541,-73.95068615,40.77536905,-73.94803392,137
4926,Cleveland Pl & Spring St,Lafayette St & E 8 St,40.722103786686034,-73.99724900722504,40.73020660529954,-73.99102628231049,136
5217,W 21 St & 6 Ave,W 20 St & 8 Ave,40.74173969,-73.99415556,40.74345335,-74.00004031,136
155681,Ave A & E 14 St,E 2 St & Avenue A,40.73031071000895,-73.98047178983688,40.72307749068673,-73.98583620786667,136
2547,Central Park West & W 68 St,Central Park W & W 91 St,40.773407,-73.977825,40.788665,-73.966801,136
5706,University Pl & E 14 St,W 13 St & 5 Ave,40.734814,-73.992085,40.735445,-73.99431,136
7194,8 Ave & W 52 St,W 53 St & 10 Ave,40.76370739,-73.9851615,40.76669671,-73.99061728,135
3225,1 Ave & E 68 St,3 Ave & E 62 St,40.76500525,-73.95818491,40.76312584,-73.96526895,135
33506,W 34 St & 11 Ave,West St & Chambers St,40.75594159,-74.0021163,40.71754834,-74.01322069,135
11401,Willoughby Ave & Hall St,DeKalb Ave & Hudson Ave,40.69196035,-73.96536851,40.689888,-73.981013,135
31031,E 48 St & 5 Ave,W 41 St & 8 Ave,40.75724567911726,-73.97805914282799,40.75640548,-73.9900262,135
25476,12 Ave & W 40 St,Riverside Blvd & W 67 St,40.76087502,-74.00277668,40.777507027547976,-73.98888587951659,135
165839,E 20 St & Park Ave,E 20 St & FDR Dr,40.73827428,-73.98751968,40.733208626522426,-73.9756813647,135
16023,Central Park West & W 72 St,Grand Army Plaza & Central Park S,40.77579376683666,-73.9762057363987,40.7643971,-73.97371465,135
29051,E 85 St & 3 Ave,2 Ave & E 72 St,40.77801203,-73.95407149,40.7687620293096,-73.95840793848038,135
146462,E 7 St & Avenue A,Ave A & E 14 St,40.72621788,-73.98379855,40.73031071000895,-73.98047178983688,135
31671,W 42 St & 6 Ave,W 43 St & 10 Ave,40.75492,-73.98455,40.76009437,-73.99461843,135
215432,Ave A & E 14 St,E 5 St & Ave A,40.73031071000895,-73.98047178983688,40.72479007746337,-73.98430064320564,135
27712,Queens Plaza North & Crescent St,Queens Plaza North & Crescent St,40.75110165,-73.94073717,40.75110165,-73.94073717,135
23735,E 74 St & 1 Ave,2 Ave & E 72 St,40.7689738,-73.95482273,40.7687620293096,-73.95840793848038,135
42908,W 15 St & 6 Ave,8 Ave & W 16 St,40.738046142482766,-73.99642959237099,40.740983,-74.001702,134
9332,E 170 St & Webster Ave,E 170 St & Webster Ave,40.83617913677475,-73.90730146322765,40.83617913677475,-73.90730146322765,134
5082,E 40 St & Park Ave,W 31 St & 7 Ave,40.750756,-73.978326,40.749156,-73.9916,134
5533,1 Ave & E 78 St,1 Ave & E 78 St,40.77140426,-73.9535166,40.77140426,-73.9535166,134
43084,6 Ave & W 34 St,6 Ave & W 45 St,40.74964,-73.98805,40.756951,-73.982631,134
5872,Henry St & Grand St,Grand St & Samuel Dickstein Plaza,40.714211,-73.981095,40.71511871996496,-73.98417055606842,134
9086,W 31 St & 7 Ave,1 Ave & E 30 St,40.749156,-73.9916,40.74144387,-73.97536082,133
34265,1 Ave & E 30 St,W 31 St & 7 Ave,40.74144387,-73.97536082,40.749156,-73.9916,133
11667,W 11 St & 6 Ave,W 21 St & 6 Ave,40.73532427,-73.99800419,40.74173969,-73.99415556,133
5790,Jackson Ave & 46 Rd,46 Ave & 5 St,40.74524768,-73.94733276,40.74731,-73.95451,133
31156,8 Ave & W 38 St,8 Ave & W 52 St,40.75461,-73.99177,40.76370739,-73.9851615,133
7406,India St Pier,Kent Ave & N 7 St,40.731734785883454,-73.9612390102593,40.72036775298455,-73.96165072917938,133
9079,1 Ave & E 16 St,1 Ave & E 30 St,40.73221853,-73.98165557,40.74144387,-73.97536082,132
4255,5 Ave & E 72 St,Broadway & W 58 St,40.77282817,-73.96685276,40.76695317,-73.98169333,132
2171,W 34 St & 11 Ave,11 Ave & W 41 St,40.75594159,-74.0021163,40.76030096,-73.99884222,132
17218,8 Ave & W 38 St,8 Ave & W 38 St,40.75461,-73.99177,40.75461,-73.99177,132
9525,West Drive & Prospect Park West,Flatbush Ave & Ocean Ave,40.6610633719006,-73.97945255041122,40.663657,-73.963014,132
3188,W 26 St & 8 Ave,8 Ave & W 38 St,40.74734825,-73.99723551,40.75461,-73.99177,132
52913,1 Ave & E 68 St,E 84 St & 1 Ave,40.76500525,-73.95818491,40.77565541,-73.95068615,132
23780,E 85 St & 3 Ave,E 81 St & York Ave,40.77801203,-73.95407149,40.7728384,-73.94989233,132
157681,E 5 St & Ave A,Ave A & E 14 St,40.72479007746337,-73.98430064320564,40.73031071000895,-73.98047178983688,132
8356,10 Ave & W 28 St,W 20 St & 7 Ave,40.75066386,-74.00176802,40.74238787,-73.99726235,132
23090,Amsterdam Ave & W 73 St,W 74 St & Columbus Ave,40.77966809007312,-73.98093044757842,40.7785669,-73.97754961,131
24634,Milton St & Franklin St,Wythe Ave & Metropolitan Ave,40.72906,-73.95779,40.716887,-73.963198,131
1694,Park Cir & East Dr,Park Cir & East Dr,40.651566,-73.972212,40.651566,-73.972212,131
14833,Amsterdam Ave & W 73 St,Amsterdam Ave & W 73 St,40.77966809007312,-73.98093044757842,40.77966809007312,-73.98093044757842,131
10230,1 Ave & E 16 St,E 27 St & 1 Ave,40.73221853,-73.98165557,40.739445,-73.976806,131
999,West Drive & Prospect Park West,Parade Pl & Crooke Ave,40.6610633719006,-73.97945255041122,40.651847,-73.965248,131
36707,1 Ave & E 78 St,E 84 St & 1 Ave,40.77140426,-73.9535166,40.77565541,-73.95068615,131
113477,West St & Chambers St,W 34 St & 11 Ave,40.71754834,-74.01322069,40.75594159,-74.0021163,131
15683,E 10 St & Avenue A,E 10 St & Avenue A,40.72740794,-73.98142006,40.72740794,-73.98142006,131
6331,E 63 St & 3 Ave,1 Ave & E 68 St,40.763954,-73.9646,40.76500525,-73.95818491,131
7618,W 41 St & 8 Ave,11 Ave & W 41 St,40.75640548,-73.9900262,40.76030096,-73.99884222,131
4410,Plaza St West & Flatbush Ave,3 St & Prospect Park West,40.6750207,-73.97111473,40.668132,-73.97363831,131
14735,S 4 St & Wythe Ave,Berry St & N 8 St,40.71285887,-73.96590294,40.7190095,-73.95852515,130
19656,South St & Gouverneur Ln,West St & Liberty St,40.70355377,-74.00670227,40.711444,-74.014847,130
4007,Broadway\t& W 48 St,Broadway\t& W 48 St,40.76017739537783,-73.98486793041229,40.76017739537783,-73.98486793041229,130
6127,8 Ave & W 31 St,8 Ave & W 38 St,40.7505853470215,-73.9946848154068,40.75461,-73.99177,130
92365,University Pl & E 14 St,Washington Square E,40.734814,-73.992085,40.73049393,-73.9957214,130
19651,Grand Army Plaza & Central Park S,Central Park West & W 68 St,40.7643971,-73.97371465,40.7734066,-73.97782542,130
14617,Fulton St & Utica Ave,Lewis Ave & Madison St,40.6794268,-73.9298911,40.686312,-73.935775,130
5831,W 21 St & 6 Ave,W 26 St & 8 Ave,40.74173969,-73.99415556,40.74734825,-73.99723551,130
35887,Broadway & E 21 St,Broadway & E 14 St,40.73988840858996,-73.98958593606949,40.73454567,-73.99074142,130
11458,W 67 St & Broadway,Amsterdam Ave & W 79 St,40.77492513,-73.98266566,40.7829391,-73.9786517,130
73975,Broadway & W 29 St,Broadway & W 29 St,40.7462009,-73.98855723,40.7462009,-73.98855723,130
24936,5 Ave & E 87 St,Central Park North & Adam Clayton Powell Blvd,40.78232260730881,-73.95987510681152,40.799484,-73.955613,130
2897,11 Ave & W 41 St,W 42 St & 6 Ave,40.76030096,-73.99884222,40.75492,-73.98455,130
8635,1 Ave & E 68 St,E 63 St & 3 Ave,40.76500525,-73.95818491,40.763954,-73.9646,130
787,W 100 St & Manhattan Ave,W 100 St & Manhattan Ave,40.795,-73.9645,40.795,-73.9645,129
9165,W 59 St & 10 Ave,W 70 St & Amsterdam Ave,40.770513,-73.988038,40.77748046,-73.98288594,129
3657,Lafayette St & E 8 St,Broadway & E 14 St,40.73020660529954,-73.99102628231049,40.73454567,-73.99074142,129
111455,5 Ave & E 87 St,7 Ave & Central Park South,40.78232260730881,-73.95987510681152,40.7667405590595,-73.9790689945221,129
65214,Pier 40 - Hudson River Park,12 Ave & W 40 St,40.7277140777778,-74.01129573583603,40.76087502,-74.00277668,129
147400,E 20 St & FDR Dr,E 20 St & FDR Dr,40.733208626522426,-73.9756813647,40.733208626522426,-73.9756813647,129
7887,E 33 St & 1 Ave,E 33 St & 1 Ave,40.74322681432173,-73.97449783980846,40.74322681432173,-73.97449783980846,129
25689,West End Ave & W 60 St,W 59 St & 10 Ave,40.77237,-73.99005,40.770513,-73.988038,128
21323,Central Park S & 6 Ave,Grand Army Plaza & Central Park S,40.76590936,-73.97634151,40.7643971,-73.97371465,128
1610,E 39 St & 2 Ave,2 Ave & E 31 St,40.74803319428767,-73.973827958107,40.74290902,-73.97706058,128
52695,12 Ave & W 40 St,W 16 St & The High Line,40.76087502,-74.00277668,40.74334935,-74.00681753,128
379,5 Ave & E 72 St,5 Ave & E 87 St,40.77282817,-73.96685276,40.78232260730881,-73.95987510681152,128
3038,Canal St & Rutgers St,Canal St & Rutgers St,40.71427487,-73.98990025,40.71427487,-73.98990025,128
22964,Milton St & Franklin St,Berry St & N 8 St,40.72906,-73.95779,40.7190095,-73.95852515,128
3409,8 Ave & W 38 St,8 Ave & W 49 St,40.75461,-73.99177,40.76171227910671,-73.98655101656914,128
5848,Broadway & Battery Pl,Little West St & 1 Pl,40.70463334,-74.01361706,40.70569254,-74.01677685,128
19496,Broadway & Berry St,Broadway & Berry St,40.71044554,-73.96525063,40.71044554,-73.96525063,128
66177,West St & Liberty St,North Moore St & Greenwich St,40.711444,-74.014847,40.72019521437465,-74.0103006362915,128
40880,Wards Meadow Comfort Station,2 Ave & E 96 St,40.78294,-73.93077,40.7839636,-73.9471673,128
22528,Adams St & Prospect St,Cadman Plaza E & Red Cross Pl,40.70076308326151,-73.98869812488556,40.69991755,-73.98971773,128
3579,South St & Gouverneur Ln,South St & Whitehall St,40.70355377,-74.00670227,40.70122128,-74.01234218,128
9182,Central Park West & W 68 St,7 Ave & Central Park South,40.7734066,-73.97782542,40.7667405590595,-73.9790689945221,127
3076,E 161 St & River Ave,E 161 St & River Ave,40.827883,-73.927111,40.827883,-73.927111,127
10188,11 Ave & W 27 St,West St & Chambers St,40.751396,-74.005226,40.71754834,-74.01322069,127
344781,Sherman Ave & E 166 St,Sherman Ave & E 166 St,40.83130549267296,-73.91744792461395,40.83130549267296,-73.91744792461395,127
7035,Cleveland Pl & Spring St,Lafayette St & Jersey St,40.722103786686034,-73.99724900722504,40.72456089,-73.99565293,127
55644,5 Ave & E 72 St,Grand Army Plaza & Central Park S,40.77282817,-73.96685276,40.7643971,-73.97371465,127
16516,1 Ave & E 18 St,E 27 St & 1 Ave,40.73381219196632,-73.98054420948029,40.739445,-73.976806,127
7,Riverside Dr & W 91 St,Riverside Dr & W 91 St,40.79313480986663,-73.97700369358063,40.79313480986663,-73.97700369358063,127
32086,Broadway & E 14 St,Broadway & E 14 St,40.73454567,-73.99074142,40.73454567,-73.99074142,127
13628,E 81 St & York Ave,E 85 St & 3 Ave,40.7728384,-73.94989233,40.77801203,-73.95407149,127
16444,Broadway & W 58 St,Broadway & W 51 St,40.76695317,-73.98169333,40.76228826,-73.98336183,127
84845,W 34 St & 11 Ave,W 34 St & 11 Ave,40.75594159,-74.0021163,40.75594159,-74.0021163,127
9627,8 Ave & W 16 St,W 22 St & 10 Ave,40.740983,-74.001702,40.74691959,-74.00451887,127
21787,W 34 St & 11 Ave,12 Ave & W 40 St,40.75594159,-74.0021163,40.76087502,-74.00277668,127
101438,Broadway & W 58 St,Broadway & W 56 St,40.76695317,-73.98169333,40.7652654,-73.98192338,127
200570,Ave A & E 14 St,E 11 St & Avenue B,40.73031071000895,-73.98047178983688,40.72746420692392,-73.97950418293476,127
18229,Spruce St & Nassau St,Centre St & Chambers St,40.71146364,-74.00552427,40.71273266,-74.0046073,127
16997,1 Ave & E 18 St,E 33 St & 1 Ave,40.73381219196632,-73.98054420948029,40.74322681432173,-73.97449783980846,127
64977,E 41 St & Madison Ave (SW corner),W 31 St & 7 Ave,40.752165280621966,-73.97992193698882,40.749156,-73.9916,126
146463,E 9 St & Avenue C,Ave A & E 14 St,40.72521311,-73.97768752,40.73031071000895,-73.98047178983688,126
22335,11 Ave & W 27 St,11 Ave & W 27 St,40.751396,-74.005226,40.751396,-74.005226,126
5369,1 Ave & E 68 St,E 85 St & 3 Ave,40.76500525,-73.95818491,40.77801203,-73.95407149,126
60580,Cooper Square & Astor Pl,E 6 St & Avenue B,40.72951496224949,-73.99075269699097,40.72453734,-73.98185424,126
3858,W 63 St & Broadway,W 63 St & Broadway,40.77163851,-73.98261428,40.77163851,-73.98261428,126
5602,Broadway & W 41 St,11 Ave & W 41 St,40.75513557,-73.98658032,40.76030096,-73.99884222,126
40915,Riverside Blvd & W 67 St,12 Ave & W 40 St,40.777507027547976,-73.98888587951659,40.76087502,-74.00277668,126
5997,W 37 St & 10 Ave,8 Ave & W 33 St,40.75660359,-73.9979009,40.751551,-73.993934,126
3050,Clinton St & Grand St,Canal St & Rutgers St,40.71559509,-73.9870295,40.71427487,-73.98990025,126
26708,2 Ave & E 72 St,1 Ave & E 62 St,40.7687620293096,-73.95840793848038,40.7612274,-73.96094022,126
22545,W 54 St & 11 Ave,Broadway & W 53 St,40.768333,-73.992573,40.76344058,-73.98268129,125
22235,9 Ave & W 22 St,Hudson St & W 13 St,40.7454973,-74.00197139,40.74005708567285,-74.0052741765976,125
1942,2 Ave & E 31 St,E 13 St & 2 Ave,40.74290902,-73.97706058,40.73153937464073,-73.9853024482727,125
337,1 Ave & E 18 St,1 Ave & E 18 St,40.73381219196632,-73.98054420948029,40.73381219196632,-73.98054420948029,125
23125,E 58 St & 1 Ave (NW Corner),1 Ave & E 68 St,40.759125,-73.962658,40.76500525,-73.95818491,125
5896,St Nicholas Ave & Manhattan Ave,Frederick Douglass Blvd & W 115 St,40.809725,-73.953149,40.8038654,-73.9559308,125
49562,E 20 St & Park Ave,E 20 St & 2 Ave,40.73827428,-73.98751968,40.73587678,-73.98205027,125
25280,1 Ave & E 68 St,E 44 St & Lexington Ave,40.76500525,-73.95818491,40.752643,-73.974996,125
37599,Forsyth St\t& Grand St,Henry St & Grand St,40.71779817737835,-73.99316132068634,40.714211,-73.981095,125
4826,10 Ave & W 28 St,10 Ave & W 28 St,40.75066386,-74.00176802,40.75066386,-74.00176802,125
3244,Broadway & Berry St,Berry St & N 8 St,40.71044554,-73.96525063,40.7190095,-73.95852515,125
15174,W 22 St & 8 Ave,8 Ave & W 31 St,40.74475148,-73.99915362,40.7505853470215,-73.9946848154068,124
9413,University Pl & E 14 St,Greenwich Ave & 8 Ave,40.734814,-73.992085,40.7390169121,-74.0026376103,124
1441,9 Ave & W 45 St,9 Ave & W 22 St,40.76019252,-73.9912551,40.7454973,-74.00197139,124
683,DeKalb Ave & Vanderbilt Ave,DeKalb Ave & Hudson Ave,40.68940747,-73.96885458,40.689888,-73.981013,124
6330,N 6 St & Bedford Ave,Milton St & Franklin St,40.71745169,-73.95850939,40.72906,-73.95779,124
110962,12 Ave & W 40 St,West St & Liberty St,40.76087502,-74.00277668,40.711444,-74.014847,124
28517,E 118 St & Madison Ave,Lenox Ave & W 117 St,40.8014866,-73.9442507,40.8025566,-73.9490782,124
26065,West Drive & Prospect Park West,Plaza St East & Flatbush Ave,40.6610633719006,-73.97945255041122,40.673134,-73.969106,124
1079,W 26 St & 8 Ave,8 Ave & W 31 St,40.74734825,-73.99723551,40.7505853470215,-73.9946848154068,124
12991,Central Park North & Adam Clayton Powell Blvd,Central Park West & W 72 St,40.799484,-73.955613,40.77579376683666,-73.9762057363987,124
4651,Broadway & E 21 St,Broadway & E 21 St,40.73988840858996,-73.98958593606949,40.73988840858996,-73.98958593606949,123
7266,9 Ave & W 22 St,8 Ave & W 16 St,40.7454973,-74.00197139,40.740983,-74.001702,123
699,5 Ave & E 87 St,5 Ave & E 72 St,40.78232260730881,-73.95987510681152,40.77282817,-73.96685276,123
24015,North Moore St & Greenwich St,West St & Liberty St,40.72019521437465,-74.0103006362915,40.711444,-74.014847,123
21504,E 102 St & 1 Ave,E 103 St & Lexington Ave,40.7869946,-73.94164802,40.7903051,-73.94755757,123
16860,Lexington Ave & E 24 St,W 31 St & 7 Ave,40.74025878,-73.98409214,40.749156,-73.9916,123
20166,8 Ave & W 52 St,8 Ave & W 52 St,40.76370739,-73.9851615,40.76370739,-73.9851615,123
23865,E 2 St & Avenue C,E 2 St & Avenue C,40.7208736,-73.98085795,40.7208736,-73.98085795,123
